category,query,answer
City Planning,"1. What is the population of Kopargaon?","According to the available planning dataset, Kopargaon has an estimated population of approximately 1.10 lakh. This figure can support preliminary planning for infrastructure, transportation, water supply, sanitation, healthcare and other essential services."
City Planning,"2. How many wards are in Kopargaon?","The planning dataset contains 12 wards. Ward-level information can be used to compare population, infrastructure, complaints, projects and service requirements across the city."
City Planning,"3. Which ward has the highest population?","Ward 7 has the highest population in the available planning dataset. This makes it a priority area for evaluating infrastructure capacity, public-service demand, transportation connectivity and future development requirements."
City Planning,"4. Which ward has the lowest population?","Ward 1 has the lowest population in the available planning dataset. Future planning should consider both current service demand and potential development in this ward."
City Planning,"5. What is the total planning area?","The available planning dataset covers approximately 18 square kilometres. This provides the spatial boundary for analyzing land use, infrastructure, projects and environmental conditions."
City Planning,"6. Where is the city center?","The main city center is located around the central market and municipal area. This zone has significant commercial activity, pedestrian movement and public-service demand."
City Planning,"7. Which areas are mainly residential?","Major residential development is concentrated in Wards 2, 4, 6 and 10. These areas should be evaluated for housing, water supply, roads, drainage, sanitation and public facilities."
City Planning,"8. Which areas are mainly commercial?","Commercial activity is concentrated around the central market and major transport corridors. These areas require good pedestrian access, traffic management, parking and supporting infrastructure."
City Planning,"9. Where are the industrial areas?","Industrial activity is concentrated toward the peripheral industrial zone. Future industrial development should maintain suitable separation from dense residential and environmentally sensitive areas."
City Planning,"10. Which ward needs the most development?","Ward 8 has the highest development priority score in the available planning dataset. Infrastructure gaps, service accessibility and development requirements should be reviewed before allocating new investments."
Infrastructure,"11. How many roads are mapped?","The GIS inventory contains 86 mapped road segments. This information can be used to monitor road conditions, identify maintenance requirements and analyze connectivity across the city."
Infrastructure,"12. Which road has the highest traffic?","The Main Market–Highway Road has the highest traffic score in the planning dataset. Traffic management, pedestrian safety and junction improvements should therefore be considered along this corridor."
Infrastructure,"13. How many roads need maintenance?","14 road segments are currently marked for maintenance. These roads should be prioritized according to condition, traffic volume, safety concerns and the number of people affected."
Infrastructure,"14. How many roads are under construction?","6 road segments are currently marked as under construction. Their progress should be monitored against planned completion dates and project milestones."
Infrastructure,"15. Where are road complaints highest?","Road-related complaints are concentrated around the central market area. The high complaint concentration indicates a need to investigate road condition, congestion, parking and pedestrian movement."
Infrastructure,"16. What is the road condition in Ward 5?","Ward 5 has mostly moderate road conditions, with three segments identified as maintenance priorities. Regular inspections and timely maintenance can prevent further deterioration."
Infrastructure,"17. Which area has poor connectivity?","The eastern residential edge has comparatively poor connectivity in the planning dataset. Improving road links and public transport connections could improve access to services and employment areas."
Infrastructure,"18. Where should a new road be planned?","The eastern connection between residential and service zones is a potential priority for road improvement. The final alignment should consider land availability, existing infrastructure, traffic demand and environmental constraints."
Water,"19. How many water facilities are mapped?","The GIS inventory contains 18 mapped water-related facilities. These assets can be monitored to identify service gaps, maintenance requirements and future capacity needs."
Water,"20. Which wards have water supply problems?","Wards 6 and 8 have the highest number of reported water-service issues. These areas should be prioritized for reviewing supply reliability, pipeline capacity and distribution gaps."
Water,"21. Where are water complaints highest?","Water complaints are concentrated in dense residential areas. This pattern may indicate pressure on existing distribution networks and should be investigated through detailed service-level analysis."
Water,"22. What is the status of the main water project?","The main water-network upgrade is reported as approximately 72% complete. Remaining work should be monitored against the project schedule and required resources."
Water,"23. Where are new water pipelines required?","Peripheral residential growth areas are potential priorities for new water pipelines. Network extension should be planned according to population growth, demand forecasts and existing pipeline capacity."
Drainage,"24. How many drainage assets are mapped?","The GIS inventory contains 24 mapped drainage assets. These assets can be monitored for capacity, condition, blockage and maintenance requirements."
Drainage,"25. Where is flood risk high?","Low-lying areas near major drainage channels have higher flood-risk scores. Development in these locations should consider drainage capacity and flood-resilience measures."
Drainage,"26. Which ward has drainage problems?","Ward 7 has the highest drainage-priority score. Drainage inspections and improvement projects should be considered in locations with repeated complaints or flooding incidents."
Drainage,"27. What drainage project is active?","The Central Drainage Improvement Project is marked as active. Its progress should be monitored against planned milestones, budget and physical completion."
Drainage,"28. Where should rainwater harvesting be installed?","Rainwater harvesting should be prioritized at schools, public buildings, large rooftops and locations with high surface runoff. These systems can reduce pressure on stormwater infrastructure."
Streetlights,"29. How many streetlights are mapped?","The infrastructure inventory contains approximately 240 mapped streetlight assets. Their condition and operational status can be monitored through the GIS system."
Streetlights,"30. Which areas have poor street lighting?","Peripheral roads and selected residential lanes have lower lighting coverage. These locations should be assessed for pedestrian safety and additional lighting requirements."
Streetlights,"31. Where should new streetlights be installed?","New streetlights should be prioritized near schools, intersections, pedestrian routes, public facilities and roads with identified safety concerns."
Streetlights,"32. Are smart streetlights planned?","Smart LED streetlights are proposed for major corridors. They can improve energy efficiency, maintenance monitoring and overall street-level visibility."
Streetlights,"33. What is the streetlight coverage?","The available planning dataset indicates approximately 82% streetlight coverage. Remaining gaps should be evaluated based on population density, road usage and safety requirements."
Waste Management,"34. How many waste collection points exist?","The waste-management inventory contains 32 mapped collection points. Their distribution can be evaluated against population density and waste-generation patterns."
Waste Management,"35. Where are waste hotspots?","Waste hotspots are concentrated around markets and high-density residential areas. Additional collection capacity and improved collection frequency may be required in these locations."
Waste Management,"36. Which ward needs more waste bins?","Ward 9 has the highest additional-bin requirement in the planning dataset. Additional bins should be positioned according to population density, waste generation and accessibility."
Waste Management,"37. Where should a waste processing facility be planned?","A suitable waste-processing location should have good road access, sufficient buffer distance from residential areas and appropriate environmental conditions. Peripheral locations are generally preferable."
Waste Management,"38. How can waste collection improve?","Waste collection can be improved through optimized collection routes, smart-bin monitoring, better scheduling and analysis of citizen complaint hotspots."
Education,"39. How many schools are mapped?","The education inventory contains 22 mapped schools. Their locations can be analyzed to identify underserved residential areas and improve accessibility."
Education,"40. Which areas lack schools?","Eastern residential expansion areas are relatively underserved by schools. Future educational facilities should prioritize these locations."
Education,"41. Where should a new school be planned?","A new school should ideally be located near underserved residential populations with safe road access and sufficient available land."
Healthcare,"42. How many hospitals are mapped?","The healthcare inventory contains 5 major healthcare facilities. Their accessibility and service coverage can be analyzed using GIS."
Healthcare,"43. Where is healthcare access poor?","Peripheral residential zones have longer travel distances to healthcare facilities. Improving healthcare accessibility in these areas should be considered in future planning."
Healthcare,"44. Where should a primary health center be added?","A primary health center should be considered in an underserved residential area with good road accessibility and sufficient surrounding population demand."
Environment,"45. How many parks are mapped?","The GIS inventory contains 11 parks and open spaces. Their distribution can be compared with population density and neighborhood access to green space."
Environment,"46. Which ward has fewer green spaces?","Ward 8 has comparatively low green-space availability. Additional parks, tree cover and recreational spaces could improve environmental quality in this area."
Environment,"47. Where should a new park be developed?","A suitable vacant public parcel near dense residential development could be considered for a new park. Accessibility, land ownership and environmental suitability should be verified before implementation."
Environment,"48. How can green space be increased?","Green space can be increased by developing new parks, protecting existing open spaces, planting street trees and converting suitable public land into recreational areas."
Solar,"49. What is the solar potential of Kopargaon?","The available planning analysis indicates moderate to high rooftop solar potential in suitable areas. Public buildings and large rooftops can be prioritized for solar deployment."
Solar,"50. Which areas have high solar potential?","Open rooftops with good sunlight exposure and limited shading have the highest solar potential. Detailed rooftop analysis should be performed before installation."
Solar,"51. Where should solar panels be installed first?","Municipal buildings, schools, healthcare facilities and large public rooftops should be prioritized because they can provide visible energy savings and public benefits."
Solar,"52. What are sun hours?","Sun hours represent the effective duration of usable sunlight available at a location. They are an important input for estimating potential solar-energy generation."
Solar,"53. Why are sun hours important?","Sun-hour analysis helps planners identify suitable locations for photovoltaic systems and estimate their potential energy generation."
Daylight,"54. What is daylight potential?","Daylight potential estimates how much useful natural light can reach a building or public space. It can support energy-efficient building and urban design."
Daylight,"55. Why is daylight potential important?","Good daylight can reduce dependence on artificial lighting and improve visual comfort and indoor environmental quality."
Wind,"56. What is wind comfort?","Wind comfort evaluates whether local wind conditions are suitable for pedestrians and outdoor activities. It is particularly useful for streets, plazas and high-rise developments."
Wind,"57. Where is wind comfort useful?","Wind-comfort analysis is useful when designing public spaces, pedestrian corridors, parks, plazas and areas around tall buildings."
Noise,"58. What is noise mapping?","Noise mapping identifies areas exposed to different levels of environmental sound. It can help planners identify locations requiring noise mitigation."
Noise,"59. Which areas have high noise levels?","Traffic corridors and market areas have the highest noise scores in the planning dataset. These areas may benefit from traffic management and noise-reduction measures."
Noise,"60. How can noise pollution be reduced?","Noise pollution can be reduced through traffic management, green buffers, improved road surfaces, zoning controls and better separation between sensitive uses and noisy corridors."
Microclimate,"61. What is microclimate analysis?","Microclimate analysis evaluates local temperature, shade, wind and heat conditions. It helps planners design more comfortable outdoor environments."
Microclimate,"62. Why is microclimate important?","Microclimate analysis can help reduce urban heat and improve pedestrian comfort through appropriate trees, shading, building orientation and public-space design."
Carbon,"63. What is embodied carbon?","Embodied carbon represents emissions associated with producing, transporting and constructing building materials. Measuring it can support lower-carbon construction decisions."
Carbon,"64. Why should total carbon be measured?","Carbon analysis helps planners compare development options and select materials and construction approaches with lower environmental impact."
Environment,"65. Which areas need heat mitigation?","Dense built-up areas with limited vegetation and high surface exposure should be prioritized for heat mitigation. Trees, shading and reflective materials can help reduce heat."
Environment,"66. Where should trees be planted?","Trees should be prioritized along pedestrian corridors, heat hotspots, schools, parks and streets with low existing canopy coverage."
Land Use,"67. What is land-use planning?","Land-use planning determines how different areas should be allocated for residential, commercial, industrial, institutional, recreational and mixed-use development."
Land Use,"68. Which land use is dominant?","Residential land use is the dominant category in the available planning dataset. Future growth should be coordinated with infrastructure capacity."
Land Use,"69. Where is mixed-use development suitable?","Major corridors with strong accessibility and existing commercial activity are suitable candidates for mixed-use development."
Land Use,"70. Where should commercial development be encouraged?","Commercial development should generally be concentrated around existing activity centers and well-connected transport corridors to reduce unnecessary travel."
Land Use,"71. Where should industrial growth be limited?","Industrial development should be controlled near dense residential areas, schools, healthcare facilities and environmentally sensitive locations."
Land Use,"72. How can vacant land be used?","Suitable vacant land can be evaluated for parks, public facilities, affordable housing, community services or mixed-use development depending on planning constraints."
Land Use,"73. What is the best site for a public facility?","A public facility should preferably be located on an accessible parcel close to underserved populations and existing infrastructure."
GIS,"74. How does GIS help urban planning?","GIS combines geographic locations with infrastructure and planning information. It allows planners to visualize assets, identify service gaps and make location-based decisions."
GIS,"75. What GIS layers are available?","The planning system includes layers for roads, wards, land use, projects, water, drainage, waste, schools, healthcare, parks and citizen complaints."
GIS,"76. Can I search for a location?","Yes. The GIS interface can search for mapped locations and navigate the map to the selected feature."
GIS,"77. Can projects be viewed on the map?","Yes. Project locations can be displayed on the GIS map and inspected to understand their geographic context."
GIS,"78. Can citizen complaints be mapped?","Yes. Citizen complaints can be represented as individual points or aggregated into hotspot areas for spatial analysis."
Complaints,"79. What is a complaint hotspot?","A complaint hotspot is an area where a relatively high number of complaints are concentrated. Hotspots can help authorities prioritize inspections and service improvements."
Complaints,"80. Which complaints are most common?","Road, water and drainage issues are the most common complaint categories in the available planning dataset."
Complaints,"81. Which ward has the most complaints?","Ward 7 has the highest total complaint count in the available dataset. Authorities should examine whether the complaints indicate infrastructure or service deficiencies."
Complaints,"82. How should complaint hotspots be handled?","Complaint hotspots should be prioritized based on severity, number of affected residents, recurrence, service importance and the availability of corrective actions."
Complaints,"83. Can citizens track complaints?","The citizen portal can provide complaint submission and tracking functionality, allowing residents to monitor the progress of reported issues."
Projects,"84. What is project monitoring?","Project monitoring tracks project status, progress, budget, location and implementation milestones. It helps authorities identify delays and manage resources."
Projects,"85. How many smart city projects are active?","8 projects are marked as active in the available project portfolio. Their progress and resource requirements can be monitored through the dashboard."
Projects,"86. Which project has the highest progress?","The Smart Streetlight Upgrade has the highest completion percentage in the project dataset. Continued monitoring should ensure that remaining work is completed on schedule."
Projects,"87. Which project is delayed?","The Drainage Network Upgrade is flagged as delayed. The project should be reviewed against its planned schedule, completed work, pending activities and resource requirements."
Projects,"88. Which project has the highest budget?","The Integrated Water Network Project has the highest budget in the available demo portfolio. Its financial and physical progress should be monitored carefully."
Projects,"89. How much project budget is allocated?","The sample project portfolio represents approximately ₹48 crore of planned project value. This figure is intended for demonstration and planning-system testing."
Projects,"90. How is project progress calculated?","Project progress is represented by the reported percentage of completed work. Progress should ideally be compared with planned milestones and expenditure."
Projects,"91. Can projects be filtered?","Yes. Projects can be filtered by status, category, ward and priority to help users quickly identify relevant projects."
Projects,"92. What is project priority?","Project priority indicates how urgently a project should be addressed based on factors such as public need, infrastructure gaps, risk and strategic importance."
Projects,"93. How can delayed projects be identified?","Delayed projects can be identified by filtering the project list by status and comparing planned completion dates, milestones and actual progress."
AI Planner,"94. How does AI help urban planning?","The AI Urban Planner helps users query city information, understand planning indicators, compare areas and generate recommendations based on available data."
AI Planner,"95. Can AI answer GIS questions?","Yes. The AI can answer GIS-related questions when the required geographic or infrastructure information is available in the connected dataset."
AI Planner,"96. What happens if required data is unavailable?","If the requested information is not available, the AI should clearly state that the information is unavailable. It should not invent unsupported city data."
AI Planner,"97. Can AI suggest development sites?","Yes. The AI can suggest potential development areas by considering accessibility, land use, population needs, infrastructure availability, environmental constraints and risk."
AI Planner,"98. Can AI compare wards?","Yes. Wards can be compared using population, infrastructure coverage, complaints, projects, accessibility and environmental indicators."
AI Planner,"99. Can AI explain map layers?","Yes. The AI can explain the purpose of individual GIS layers and describe how each layer can support urban planning decisions."
AI Planner,"100. Can AI navigate the GIS map?","Yes. When connected to map actions, the AI can trigger navigation actions to move the map camera to a selected location or feature."
AI Planner,"101. What is FLY_TO?","FLY_TO is a map action that moves the GIS camera to a specified location, coordinate or mapped feature so the user can quickly inspect it."
AI Planner,"102. Can users ask questions by voice?","Yes. The AI planner can support voice input, allowing users to ask planning questions without typing them."
AI Planner,"103. Can the assistant respond in Marathi?","Yes. The assistant can respond to Marathi-language queries and provide planning information in Marathi when the language-detection and response system is configured accordingly."
AI Planner,"104. Can the assistant respond in Hindi?","Yes. The assistant can respond to Hindi-language queries and provide planning information in Hindi when the language-detection system identifies Hindi."
AI Planner,"105. What is the role of the AI Urban Planner?","The AI Urban Planner acts as a digital planning assistant. It helps users query city data, understand indicators, compare locations and receive data-supported planning recommendations."
Citizen Services,"106. What is the role of the citizen assistant?","The citizen assistant helps residents access city information, submit complaints, understand projects and find relevant public services."
Administration,"107. What is the role of the administrator dashboard?","The administrator dashboard provides officials with centralized access to GIS information, infrastructure records, projects, complaints and analytics."
Analytics,"108. What is the role of analytics?","Analytics summarizes city indicators and trends so that authorities can identify priorities, monitor performance and support evidence-based decisions."
Infrastructure,"109. What is infrastructure inventory?","Infrastructure inventory is a structured record of city assets, including their locations, types, conditions, attributes and operational status."
Infrastructure,"110. Why maintain an infrastructure inventory?","Maintaining an infrastructure inventory helps authorities understand existing assets, identify service gaps, plan maintenance and allocate resources more effectively."
Planning,"111. How can resources be allocated?","Resources can be prioritized using population needs, infrastructure gaps, complaint severity, project importance, accessibility and environmental risk."
Planning,"112. How can quality of life be improved?","Quality of life can be improved through better roads, reliable water supply, sanitation, healthcare, education, green spaces, public safety, mobility and responsive public services."
Smart City,"113. What makes a city smart?","A smart city combines digital technology, reliable infrastructure, sustainable development, data-driven governance and citizen participation to improve urban services."
Sustainability,"114. What is sustainable urban planning?","Sustainable urban planning balances economic development, social needs, environmental protection and long-term resource efficiency."
Mobility,"115. How can traffic be improved?","Traffic can be improved through better junction design, traffic analysis, public transport, pedestrian infrastructure, parking management and improved road connectivity."
Mobility,"116. Where should pedestrian improvements be prioritized?","Pedestrian improvements should be prioritized around markets, schools, hospitals, transit points, public facilities and other high-footfall locations."
Mobility,"117. Where should cycling infrastructure be planned?","Cycling infrastructure should connect residential areas with schools, workplaces, public facilities and major activity centers through safe and continuous routes."
Mobility,"118. How can public transport improve?","Public transport can be improved through demand analysis, route optimization, accessible stops, better frequency and stronger connections between residential and activity areas."
Accessibility,"119. What is accessibility analysis?","Accessibility analysis measures how easily residents can reach important services and facilities from different parts of the city."
Accessibility,"120. Which facilities should be close to residents?","Essential services such as healthcare, education, parks, water facilities and emergency services should be reasonably accessible to residential communities."
Emergency Planning,"121. How can emergency response improve?","GIS can support emergency response by identifying emergency facilities, risk zones, road accessibility and efficient response routes."
Emergency Planning,"122. Where are emergency risk zones?","High-traffic intersections, flood-prone lowlands and dense areas with limited road access are considered priority emergency-risk locations in the planning dataset."
Resilience,"123. How can flood resilience improve?","Flood resilience can be improved by upgrading drainage, protecting natural flow paths, using rainwater harvesting and controlling development in flood-prone areas."
Resilience,"124. How can heat resilience improve?","Heat resilience can be improved through increased tree canopy, shaded pedestrian routes, parks, reflective surfaces and climate-responsive building design."
Energy,"125. How can energy efficiency improve?","Energy efficiency can be improved through efficient buildings, LED lighting, rooftop solar, smart energy monitoring and improved building design."
Energy,"126. What is the role of rooftop solar?","Rooftop solar can increase renewable energy generation, reduce dependence on conventional electricity and lower long-term energy costs."
Environment,"127. What is the role of green infrastructure?","Green infrastructure helps manage urban heat, stormwater, air quality and public-space comfort while also improving the visual quality of the city."
Suitability,"128. What is a development suitability score?","A development suitability score combines multiple planning factors to identify locations that are relatively more appropriate for a proposed development."
Suitability,"129. What factors are used in suitability analysis?","Suitability analysis can consider land use, accessibility, population demand, infrastructure availability, environmental constraints, flood risk and other planning factors."
Suitability,"130. How should a new hospital site be selected?","A new hospital should be located where it is accessible to underserved populations, connected to major roads and supported by suitable infrastructure while avoiding environmental risks."
Suitability,"131. How should a new school site be selected?","A new school should be located near underserved residential populations, have safe pedestrian and road access and provide sufficient land for future requirements."
Suitability,"132. How should a new park site be selected?","A new park should prioritize dense neighborhoods with low access to green space and should preferably use suitable public land with safe pedestrian access."
Suitability,"133. How should a waste facility site be selected?","A waste facility should consider road access, service coverage, environmental constraints, buffer distances from residences and operational requirements."
Growth,"134. How should city expansion be managed?","City expansion should be directed toward areas with suitable infrastructure capacity and accessibility while avoiding environmentally sensitive and hazard-prone locations."
Growth,"135. What is urban sprawl?","Urban sprawl is outward, often low-density urban growth that can increase infrastructure costs, travel distances and pressure on agricultural or natural land."
Growth,"136. How can urban sprawl be controlled?","Urban sprawl can be controlled through compact development, infill development, mixed-use planning, better public transport and efficient use of existing infrastructure."
Smart City,"137. What is a smart corridor?","A smart corridor integrates transportation, street lighting, utilities, safety, digital monitoring and public-space improvements along an important urban route."
Smart City,"138. Which corridor should be upgraded first?","The highest-traffic corridor with significant service gaps should be considered the first priority for smart-corridor improvements."
Digital Twin,"139. What is a digital twin?","A digital twin is a digital representation of a physical city, infrastructure asset or environment that can be used for monitoring, simulation and planning."
Digital Twin,"140. Can this platform become a digital twin?","Yes. Adding real-time IoT sensors, 3D models, live infrastructure data, environmental feeds and operational systems could extend the platform toward a digital twin."
Future Data,"141. What data should be added in the future?","Future improvements could include real-time traffic, IoT sensors, weather data, utility consumption, satellite imagery, 3D city models and updated infrastructure-condition information."
Decision Support,"142. How can the system support decision making?","The system combines spatial information, infrastructure indicators, projects, complaints and analytics to provide evidence that can support urban planning and investment decisions."
Smart City,"143. What is the main benefit of this platform?","The main benefit is the integration of GIS, infrastructure data, projects, citizen complaints and analytics into one centralized platform for smarter urban planning and monitoring."
Planning,"144. What is the smart city planning objective?","The objective is to improve infrastructure, mobility, environmental quality, public services and overall quality of life through data-driven urban planning."
Planning,"145. How can infrastructure gaps be identified?","Infrastructure gaps can be identified by comparing mapped assets and service coverage with population demand, accessibility requirements and recommended service standards."
Planning,"146. How can priority areas be identified?","Priority areas can be identified by combining population density, infrastructure gaps, complaint hotspots, environmental risks, accessibility and project requirements."
GIS,"147. Why should GIS data be updated?","Regular GIS updates improve planning accuracy and ensure that infrastructure, projects, land use and citizen-service information reflects current conditions."
AI Planner,"148. Can AI use this dataset?","Yes. The dataset can be used as a reference source for testing the AI Urban Planner and evaluating its ability to answer city-planning questions."
AI Planner,"149. Should AI invent missing city data?","No. The AI should only use information available in its connected data sources. When information is unavailable, it should clearly communicate that limitation."
Smart City,"150. What is the overall goal of Kopargaon Smart City?","The overall goal is to create a centralized GIS-enabled smart urban planning platform that supports better infrastructure monitoring, project management, resource allocation, citizen participation and long-term improvement of quality of life."
Infrastructure,"What is the infrastructure of Ward 4?","Ward 4 (Yesgaon Bypass & Logistics Hub) has active road, water supply, drainage, streetlighting, waste management, healthcare, education, and open space infrastructure. Primary assets include the Yesgaon arterial bypass corridor, SCADA-monitored water supply network, concrete stormwater drains, 28 mapped streetlights, Kopargaon Sub-District Hospital, and Municipal Secondary School."
Infrastructure,"Show Ward 4 infrastructure","Ward 4 infrastructure details include 6 mapped road segments (Yesgaon Bypass corridor), SCADA-monitored municipal water network, concrete stormwater drainage channels, 28 smart LED streetlights, Kopargaon Sub-District Hospital, Municipal Secondary School, 100% door-to-door solid waste collection, and commercial green buffer zones."
Infrastructure,"What infrastructure does Ward 4 have?","Ward 4 features comprehensive road, water, drainage, street lighting, waste management, healthcare, and educational facilities. Key assets include the 4.8 sq km Yesgaon Bypass logistics corridor, SCADA water distribution, 28 streetlights, Sub-District Hospital, and municipal school."
Infrastructure,"Ward 4 infrastructure details","Ward 4 has established infrastructure across roads, water distribution, drainage, lighting, health, education, and waste management. Major infrastructure includes the Yesgaon Bypass arterial road, Sub-District Hospital, 28 mapped streetlights, and SCADA water connections."
Infrastructure,"Ward 4 ki infrastructure dikhao","Ward 4 mein sadak, paani supply, drainage, street lights, swasthya, aur shiksha ki suvidhaen uplabdh hain. Mukhya infrastructure mein Yesgaon Bypass road, SCADA water network, Kopargaon Sub-District Hospital, aur 28 smart streetlights shamil hain."
Infrastructure,"Ward 4 madhe infrastructure kay aahe?","वॉर्ड ४ मध्ये रस्ते, पाणीपुरवठा, सांडपाणी निचरा, पथदिवे, आरोग्य आणि शिक्षण सुविधा उपलब्ध आहेत. मुख्य इन्फ्रास्ट्रक्चरमध्ये येसगाव बायपास रस्ता, SCADA पाणी नेटवर्क, कोपरगाव उप-जिल्हा रुग्णालय आणि २८ पथदिव्यांचा समावेश आहे."
Infrastructure,"What are the infrastructure gaps in Ward 4?","Major infrastructure gaps in Ward 4 include road surface wear along the arterial Yesgaon Bypass logistics corridor, localized drainage bottlenecks near highway bypass junctions, and the requirement for expanded water distribution pipeline capacity for upcoming commercial logistics plots."
Infrastructure,"What are the development priorities for Ward 4?","Key development priorities for Ward 4 are: 1) Resurfacing arterial logistics bypass roads, 2) Upgrading stormwater drainage channels along high-traffic bypass routes, and 3) Expanding SCADA water distribution pipeline capacity for expanding commercial plots."
Infrastructure,"What is the road condition in Ward 4?","Ward 4 contains 6 mapped road segments including the primary arterial Yesgaon Bypass highway corridor. 3 road segments are designated for resurfacing and traffic junction safety improvements to support commercial logistics movement."
Water,"What is the water supply schedule in Ward 4?","Ward 4 is connected to Kopargaon's SCADA-monitored water distribution network, receiving scheduled daily water distribution with planned pipeline capacity expansion for new commercial developments along the bypass corridor."
Drainage,"What is the drainage system in Ward 4?","Ward 4 features mapped concrete stormwater drainage channels running along the Yesgaon Bypass corridor to manage monsoon runoff. Regular desilting and drain capacity expansion are prioritized for flood safety."
Streetlights,"How is street lighting managed in Ward 4?","Ward 4 has 28 GIS-mapped smart LED streetlight poles positioned along major junctions and arterial bypass routes, monitored for continuous night illumination and energy efficiency."
Waste Management,"What is the waste management coverage in Ward 4?","Ward 4 has 100% door-to-door solid waste collection coverage managed by Kopargaon Municipal Council, with segregated waste transport to central processing facilities."
Healthcare,"What healthcare facilities exist in Ward 4?","Ward 4 is home to Kopargaon Sub-District Hospital located on Yesgaon Road, providing emergency trauma care, 24/7 outpatient services, and specialized civic healthcare."
Education,"What educational facilities are available in Ward 4?","Ward 4 is serviced by Municipal Secondary School and local vocational institutes within 1.2 km, offering primary and higher secondary education for residents."
Projects,"What smart city projects are active in Ward 4?","Active smart city projects in Ward 4 include PRJ-2026-004 (Yesgaon Bypass Road Resurfacing & Junction Safety Improvement) and PRJ-2026-009 (Ward 4 SCADA Water Distribution Pipeline Enhancement)."